name,contact_number,email,address
Minister in Hajj and Umrah,001-872-907-6696x7035,mflores@example.net,"44293 Reid Brook Apt. 950
West Mary, OR 73142"
Minister in Finance,529.365.4365x7237,jonathanperez@example.net,"49352 Perez Rest
Sallytown, AZ 72245"
Minister in Culture,+1-251-566-6350x021,isabella90@example.com,"0464 Robert Meadow Suite 549
New Davidhaven, AR 94795"
Minister in Hajj and Umrah,(316)768-5011x916,james03@example.net,"875 Brandon Coves
Jamestown, NM 79052"
Minister of Health,814.347.8389x830,plyons@example.com,"38856 Peterson Loaf Suite 612
Estesstad, AR 48215"
Minister in Hajj and Umrah,+1-368-472-4736x983,michael66@example.net,"37646 Pruitt Estate Apt. 600
Port Sarahport, IA 07014"
Minister in Education,(588)593-0386x4039,bryanharvey@example.org,"13866 Daniel Valleys Apt. 196
Port Jonathanberg, FM 58610"
Minister in Education,+1-574-637-5813x90288,sarahphillips@example.org,"7873 Michael Mill
Debrastad, HI 24262"
Minister in Hajj and Umrah,001-302-292-2093,bonniemarquez@example.com,"Unit 5479 Box 3908
DPO AE 24607"
Minister of Health,(721)785-1908x66668,thompsontabitha@example.org,"USS Adams
FPO AA 15025"
Minister in Finance,001-334-810-2494,martinezadrian@example.net,"51386 William Squares Suite 647
Davisport, NY 05009"
Minister in Education,(915)996-3955,richardsonchristopher@example.com,"9689 Crystal Village
Brooksside, FM 51268"
Minister in Education,(588)332-2482x6700,eoliver@example.com,"PSC 7504, Box 8644
APO AE 47412"
Minister of Health,831-981-6530x25785,plewis@example.com,"USS Maynard
FPO AA 18359"
Minister in Culture,804-442-5692x215,henry70@example.com,"22506 John Neck
Kelliburgh, TN 45272"
Minister in Culture,653.402.9588,christopherbuck@example.net,"681 Berry Well
Christopherchester, ME 66467"
Minister in Education,769.390.7662,lparker@example.org,"178 Katherine Fall
Coxburgh, SD 98762"
Minister in Finance,472-881-3454x05274,wilsonpatrick@example.net,"2963 Johnson Groves
Lake Aaronmouth, MA 37030"
Minister of Health,238.589.2815,wjames@example.com,"65259 Arthur Drives
South Codymouth, NV 65239"
Minister in Education,(766)943-1131x1446,eroberts@example.net,"767 Jennifer Ford Apt. 823
North Kristymouth, PW 78624"
Ministery of Education,568.599.4511,holiver@example.com,"0843 Kylie Passage
Karashire, MA 18850"
Aramco,265-288-3597x9137,chasephilip@example.com,"427 Lucero Shore
Brianland, GA 19508"
Saudi Airlines,903-675-3837x4296,aliciajimenez@example.net,"2767 Stephen Lights
Richardchester, GA 76670"
Ministery of Hajj and Umrah,(329)237-5910,claudiaporter@example.net,"USS Goodwin
FPO AP 08159"
Ministery of Hajj and Umrah,(393)736-6190,wellsalfred@example.com,"USS May
FPO AP 82547"
Almarai,476.332.9995,gonzalezteresa@example.org,"297 Watson Roads
New Tamichester, MT 04978"
STC,248.797.3715,rebeccalandry@example.com,"Unit 6395 Box 3575
DPO AE 61124"
Saudi Airlines,001-209-428-2022,kellykayla@example.org,"650 Debbie Dam
Cabrerafurt, MI 90537"
STC,+1-302-273-5645x1500,mary98@example.net,"366 Trevor Motorway
East Jessica, MS 92862"
Ministery of Hajj and Umrah,001-653-915-7545x270,brianodom@example.net,"87233 Burns Run
East Anitaberg, CT 20374"
Ministery of Culture,001-647-698-2026,xpayne@example.org,"9464 Jennifer Union
Colebury, WY 78418"
Ministery of Education,(531)809-9034,travis49@example.org,"51791 Bowman Rest Apt. 090
Wardhaven, OR 60699"
Almarai,+1-796-390-7844x15853,browndavid@example.com,"03796 Amy Turnpike Apt. 184
North Patrick, MP 69787"
Ministery of Health,(528)791-7804x2809,zclarke@example.org,"550 Angela Curve Apt. 111
Gregoryborough, ND 47295"
Aramco,970-777-7340x79862,omcclure@example.net,"2077 Padilla Roads Apt. 995
Hillbury, MO 38236"
Ministery of Hajj and Umrah,715.861.6004x7452,yberg@example.net,"14672 Vincent Creek Suite 642
Crystalfurt, FL 83027"
Ministery of Finance,(621)474-3180,paula82@example.com,"1243 Michael Pass
Williamhaven, MN 73458"
STC,+1-965-593-8846,billy10@example.com,"6213 Edwards Club Apt. 560
South Becky, AZ 61942"
Ministery of Hajj and Umrah,701.438.5084x555,derek84@example.net,"077 Michael Prairie
Gutierrezchester, HI 10203"
Ministery of Finance,312-228-2330x67106,mackenzie31@example.com,"16928 Sweeney Greens
South Miguel, MO 38068"
Ministery of Finance,(228)201-1980,andradedana@example.com,"419 Riddle Corner
West Maryfurt, LA 52465"
Ministery of Hajj and Umrah,949.396.4203x86421,katrina11@example.net,"47186 Tina Brook Suite 099
Angelicaton, MN 47470"
Sabic,742-909-1151,fbailey@example.net,"3259 Virginia Shores
West Jessicastad, TN 51954"
Ministery of Education,7465353572,jonesmichelle@example.net,"357 Catherine Divide Suite 288
Curtistown, LA 73778"
Almarai,001-911-269-4698x42812,wterry@example.net,"7036 Brenda Crossing Suite 910
Josephhaven, IN 22545"
Saudi Airlines,(627)816-4628x602,paul73@example.net,"425 Alex Summit
Gonzalezchester, MD 23996"
Ministery of Hajj and Umrah,715-608-5960x3296,martinezamber@example.com,"529 Timothy Ford Suite 153
Davidshire, PR 45631"
Ministery of Education,001-648-654-7182x664,daniel46@example.com,"469 Moran Overpass
Peterfurt, OH 60196"
Almarai,001-994-474-5950x952,thomas28@example.net,"93434 Kidd Corner Suite 422
Danielbury, MA 82255"
Aramco,727-421-9502x60688,wrich@example.com,"3479 Kennedy Mountain Suite 319
Kristenside, VT 98962"
Almarai,464-655-0880x80435,jessicamoore@example.com,"5438 Morales Ridges Suite 248
Port Joshuaport, MH 33393"
Saudi Airlines,9979070482,fletcheralexander@example.com,"PSC 0143, Box 2799
APO AA 32455"
Almarai,(382)311-4237x050,utucker@example.com,"823 Jackson Glen Suite 778
Carlosport, IL 34316"
STC,001-345-800-4786x25599,steven16@example.org,"712 Garcia Hollow Apt. 909
Hancockview, ID 40667"
Ministery of Health,(201)611-7655,hodgemichelle@example.net,"8152 Ellison Lights Suite 048
Port Dominichaven, SC 96084"
Ministery of Health,330.285.8166,mhowell@example.com,"64663 Chad Forks
West Lori, TN 59169"
Ministery of Culture,321.442.4034x72892,sharon35@example.net,"7857 Richard Freeway
West Brian, TN 53134"
Ministery of Finance,001-739-828-9383x25966,rramirez@example.com,"7758 Michael Ports Suite 584
North Paul, VI 35150"
Ministery of Education,001-613-604-5720x727,briansmith@example.net,"445 Anderson Skyway
West Julieport, KS 96344"
Aramco,639.816.3232x05653,sabrina94@example.net,"0313 Sandra Cliffs Suite 598
North Stephen, SD 16385"
Ministery of Health,5307529326,richard46@example.org,"8367 Kimberly Stravenue Apt. 171
Port Christopherbury, FM 60715"
Aramco,001-524-721-1669x29930,tsmith@example.org,"75509 Beasley Village
Lake Lindafort, VA 82903"
Ministery of Finance,+1-417-494-3062x4885,rjohns@example.com,"384 Janet Roads Suite 419
West Daniel, FM 78221"
Ministery of Education,944-240-3299x6816,josephgarrison@example.com,"0156 Jean Flat Suite 297
New Michaelfurt, AS 21009"
STC,(300)835-4724,thomassmith@example.com,"648 Potter Route Apt. 558
East Michaelshire, MI 46343"
Ministery of Culture,001-404-995-5183,pgarcia@example.org,"7572 Andre Radial Suite 332
Joelville, DE 90553"
Ministery of Finance,878-854-9966x60155,smithmichelle@example.net,"USS Taylor
FPO AA 52079"
Ministery of Education,(837)541-0924x4172,michaelmoreno@example.net,"7057 Holloway Inlet Apt. 354
South Carolyn, VA 75469"
Sabic,+1-875-623-8762x211,tmarshall@example.net,"41874 Ryan Row
New Shawnmouth, NE 96121"
Ministery of Education,780-206-2933,fowlermatthew@example.com,"94856 Jacob Trail
Lake Christopher, AR 04811"
STC,+1-201-682-1306x125,natalie64@example.com,"67070 Johnson Heights Apt. 210
Ibarrachester, KY 52490"
Saudi Airlines,572.407.8226x130,esparzasheryl@example.com,"5069 Amanda Hills Apt. 906
Johnstonport, KY 16906"
Ministery of Health,896-705-9642x613,johnstontaylor@example.com,"495 William Cliffs Apt. 454
Toddside, OK 82919"
Aramco,493.421.7366,april52@example.com,"2371 Andrew Landing Apt. 033
Floydbury, NY 67267"
Ministery of Hajj and Umrah,976.981.0958,karencarson@example.com,"248 Greene Neck Suite 630
North Sarah, CA 63716"
Ministery of Education,(644)220-3388x59175,hansonkatherine@example.com,"75456 Quinn Isle
New Madisontown, MO 92000"
Almarai,+1-705-610-2084x662,angelarodriguez@example.org,"562 Tammy Lock
Sergioton, IL 43284"
Almarai,438-688-8223,teresa58@example.com,"8285 Amber Point
East Gloriaburgh, NM 15479"
Almarai,914-979-2395,ocharles@example.org,"Unit 8242 Box 2383
DPO AP 67555"
Ministery of Education,001-992-653-2799x051,tellis@example.com,"1273 Newman Drive Suite 390
Lake Kylefort, IN 65818"
