name,id,address,email,role,salary
Zachary White,2f6a21a4-5f10-4586-a650-2119331ea4fc,"056 Erin Well
Johnsonborough, SD 64982",raymond66@example.net,Human Resources,29071.79
Michelle Miller,a58b2f2b-0966-4963-a5ab-67b76330ac30,"849 Phillips Lane
East Monicabury, RI 79257",donald44@example.com,Human Resources,28879.05
Andre Ibarra,946c62d5-d361-45fd-9f04-6d00d1cf73e0,"USNS Lopez
FPO AE 83601",vwilson@example.org,Marketing Specialist,17564.26
Veronica Pena,f289bac5-0344-4446-88ca-7d7cd4a1ea56,"12260 Kellie Plains
West Samantha, PR 56682",tammybarton@example.com,Marketing Specialist,42244.19
Travis Fisher,a64d679f-8018-4588-b3f4-ab9388ce44d6,"2627 Carolyn Lodge Apt. 070
North Lauren, RI 72003",aprilsmith@example.net,Marketing Specialist,37961.66
Cameron Mcguire,19291e3e-f29d-4d44-b386-6f5ac9fc4b04,"940 Robin Shoals Suite 226
Nathanberg, NJ 73946",qvelez@example.org,Marketing Specialist,31054.35
Robert Thompson,efbda49a-7cd8-4192-9c1a-393e538145aa,"59090 Black Flats
West Kristin, MS 45864",ericwright@example.org,Project Manager,10130.36
Charles Davis,7093d501-6f97-40c5-b18e-4fe98d1cce1c,"347 Pamela Views Apt. 143
New Kevinstad, GU 79062",victor54@example.org,Project Manager,27687.28
Christopher Lopez,3280b598-d321-4bca-bdf2-5911ce34409f,"9176 Contreras Ridges Suite 075
West Jamesbury, VI 32642",taylor07@example.org,Human Resources,22347.92
Gary Shepard,038af018-7f47-4961-b044-6781032e3a83,"7028 Erickson Common Suite 991
North Mary, WI 71910",brittany01@example.com,Product Manager,31035.82
Richard Frye,41d044b1-96a4-474b-b6c7-286909783ceb,"6195 Tiffany Meadows Suite 120
Jeanchester, WA 04690",brookeball@example.net,Marketing Specialist,36163.08
Anna Olson,6a9026d2-c795-4f1f-b1c4-aac591bd1731,"564 Meredith Drive Apt. 142
Holmesfurt, PR 99748",oanderson@example.com,Project Manager,21459.15
Maurice White,408df6d9-da28-4265-a993-95decdc89cc7,"2167 Zachary Points Suite 388
Port Joshuaville, VA 91262",kaitlyn65@example.com,Human Resources,13638.12
Sarah Hall,bb64cc87-6b74-45cd-ae97-973c21391d48,"2154 Joshua Keys
North Bettyshire, OH 33538",swiggins@example.net,Marketing Specialist,31846.18
Sabrina Ramirez,43a150c3-2c57-428e-9f4c-ab264f31e265,"PSC 1983, Box 5320
APO AE 34927",susangraves@example.com,Human Resources,32867.03
Robert Dixon,82f37016-80e0-467b-b84a-995f51ec7bcf,"8502 Christopher Key
Port Dustin, LA 06071",xpena@example.org,Project Manager,8433.33
Cynthia Perry,72e468cb-8c81-4262-b10d-138f190be826,"PSC 4170, Box 8119
APO AP 77346",melissajohnson@example.net,Human Resources,20404.86
Michael Salinas,8ef110d3-d6ae-464e-9bcd-15066a9f4ea1,"PSC 7596, Box 3140
APO AE 09102",jessicajones@example.net,Product Manager,41723.27
Garrett Edwards,4b994422-4136-4129-afb4-b4b501b030c6,"5684 Phillips Ramp
Port Markland, FM 57021",weavermatthew@example.org,Project Manager,16086.13
Justin Foster,9f27695c-07cc-41c0-a6af-8dc5da3f7722,"4995 Schneider Groves Suite 611
Anthonymouth, MI 61210",tabitha01@example.org,Marketing Specialist,36214.95
